Time,LF_FOOT_X,LF_FOOT_Y,LF_FOOT_Z,LH_FOOT_X,LH_FOOT_Y,LH_FOOT_Z,RF_FOOT_X,RF_FOOT_Y,RF_FOOT_Z,RH_FOOT_X,RH_FOOT_Y,RH_FOOT_Z,Base_lin_vel_X,Base_lin_vel_Y,Base_lin_vel_Z,joint0_pos,joint1_pos,joint2_pos,joint3_pos,joint4_pos,joint5_pos,joint6_pos,joint7_pos,joint8_pos,joint9_pos,joint10_pos,joint11_pos
0,1.555104972794652e-05,0.0,115.74266052246094,0.0,0.0,0.0,2.431441498629283e-05,0.0,180.9662322998047,0.0,0.0,0.0,-0.04286252334713936,0.3236392140388489,-0.012409120798110962,-0.02458357810974121,-0.010302410461008549,-0.012365985661745071,-0.02060570754110813,0.5983551740646362,-0.42177173495292664,0.5837947726249695,-0.5449586510658264,-0.8405686020851135,1.0815778970718384,-0.7184991240501404,0.8569738864898682
1,0.0,0.0,0.0,0.0,0.0,0.0,5.41526242159307e-06,0.0,40.30447769165039,0.0,0.0,0.0,-0.0034248167648911476,0.3381348252296448,-0.11167029291391373,-0.052576519548892975,-0.038409262895584106,-0.011478881351649761,-0.04250525310635567,0.675926923751831,-0.361032634973526,0.6465647220611572,-0.44577252864837646,-0.8709149360656738,1.0148059129714966,-0.7879265546798706,0.8193292617797852
2,4.6561424937863194e-07,0.0,3.4654531478881836,0.0,0.0,0.0,5.409802739109182e-08,0.0,0.40263837575912476,0.0,0.0,0.0,0.003284552600234747,0.3478981554508209,-0.2912708520889282,-0.07413456588983536,-0.07520212233066559,0.018051395192742348,-0.05101792886853218,0.7580081820487976,-0.28391000628471375,0.6979094743728638,-0.331886887550354,-0.9133697748184204,0.870826244354248,-0.7909310460090637,0.7254455089569092
3,0.0,0.0,0.0,3.3785501727834344e-05,0.0,251.45724487304688,0.0,0.0,0.0,5.6053835578495637e-05,0.0,417.1949768066406,-0.013352446258068085,0.375019371509552,-0.43088749051094055,-0.09867125749588013,-0.13015852868556976,0.0339372344315052,-0.07124641537666321,0.8298835158348083,-0.21323420107364655,0.7451896667480469,-0.23149967193603516,-0.9576924443244934,0.8335654735565186,-0.8142994046211243,0.6403788924217224
4,2.4412690891040256e-06,0.0,18.169767379760742,7.356640708167106e-05,0.0,547.5367431640625,3.766881854971871e-05,0.0,280.35980224609375,4.651868584915064e-05,0.0,346.2272033691406,0.07585732638835907,0.4036340117454529,-0.28068727254867554,-0.11190733313560486,-0.1500369906425476,0.036287784576416016,-0.09655197709798813,0.8836426138877869,-0.17111098766326904,0.76553875207901,-0.20208314061164856,-1.0116794109344482,0.8309634327888489,-0.8484052419662476,0.6097304821014404
5,0.0,0.0,0.0,5.9973386669298634e-05,0.0,446.36724853515625,4.3297375668771565e-05,0.0,322.2518005371094,0.0,0.0,0.0,0.17001420259475708,0.414059579372406,-0.13478973507881165,-0.13945423066616058,-0.18130667507648468,0.027878588065505028,-0.11488659679889679,0.9131904244422913,-0.16141067445278168,0.7800235748291016,-0.21877840161323547,-1.0679600238800049,0.8152804970741272,-0.8901759386062622,0.6134775876998901
6,0.0,0.0,0.0,4.795825952896848e-05,0.0,356.94158935546875,4.19592579419259e-05,0.0,312.2925109863281,0.0,0.0,0.0,0.22783078253269196,0.38671448826789856,-0.04087308049201965,-0.15308718383312225,-0.20775961875915527,0.024926533922553062,-0.07792118191719055,0.9210565090179443,-0.15584857761859894,0.7859899997711182,-0.2789272665977478,-1.1480436325073242,0.8107808232307434,-0.9175208806991577,0.7678114771842957
7,0.0,0.0,0.0,3.3651303965598345e-05,0.0,250.45843505859375,4.182973498245701e-05,0.0,311.3284912109375,0.0,0.0,0.0,0.28328099846839905,0.40543708205223083,0.006973342504352331,-0.13695596158504486,-0.2292967587709427,0.02743496000766754,-0.005062824580818415,0.904169499874115,-0.14336557686328888,0.7864000201225281,-0.359928697347641,-1.2484123706817627,0.796600341796875,-0.9326331615447998,0.8859427571296692
8,0.0,0.0,0.0,1.954874096554704e-05,0.0,145.49649047851562,3.3873264328576624e-05,0.0,252.1104278564453,0.0,0.0,0.0,0.31419506669044495,0.4441075921058655,-0.021601887419819832,-0.1103353425860405,-0.2575676441192627,0.023224584758281708,0.07117518782615662,0.865784764289856,-0.11477208137512207,0.7869077324867249,-0.4608645737171173,-1.330473780632019,0.7695741653442383,-0.9385491013526917,1.0223969221115112
9,0.0,0.0,0.0,2.761562427622266e-05,0.0,205.53634643554688,2.759178460109979e-05,0.0,205.35891723632812,0.0,0.0,0.0,0.36889517307281494,0.469676673412323,-0.07614056020975113,-0.06412238627672195,-0.28746387362480164,0.017337296158075333,0.1551913321018219,0.8160701990127563,-0.060238081961870193,0.789793074131012,-0.5698667764663696,-1.3345625400543213,0.7261528372764587,-0.9389774203300476,1.1358509063720703
10,0.0,0.0,0.0,2.627900175866671e-05,0.0,195.5881805419922,2.755076639004983e-05,0.0,205.05361938476562,0.0,0.0,0.0,0.4246576428413391,0.501837432384491,-0.1346445381641388,-0.0027069891802966595,-0.32251718640327454,0.01047424878925085,0.24958571791648865,0.7619965076446533,0.013371112756431103,0.7967162132263184,-0.681106686592102,-1.2616045475006104,0.6675095558166504,-0.9402999877929688,1.2131582498550415
11,0.0,0.0,0.0,2.0742922060890123e-05,0.0,154.38450622558594,2.327848233107943e-05,0.0,173.2560577392578,0.0,0.0,0.0,0.46737873554229736,0.541164219379425,-0.20226481556892395,0.06466958671808243,-0.3609837591648102,0.005237957928329706,0.35412126779556274,0.704007625579834,0.0974053218960762,0.8067592978477478,-0.7848256826400757,-1.1403244733810425,0.5978167057037354,-0.9429437518119812,1.231317162513733
12,2.2269372493610717e-05,0.0,165.74549865722656,1.4286610166891478e-05,0.0,106.33174133300781,1.5255821381288115e-05,0.0,113.54534912109375,0.0,0.0,0.0,0.5067948698997498,0.5943058133125305,-0.27160483598709106,0.12298306077718735,-0.3983926475048065,0.0021542515605688095,0.4568915367126465,0.647092878818512,0.17694151401519775,0.8197570443153381,-0.8617814183235168,-1.0126128196716309,0.5328866243362427,-0.9463372230529785,1.1903971433639526
13,5.0418129831086844e-05,0.0,375.24981689453125,0.0,0.0,0.0,0.0,0.0,0.0,5.694288483937271e-05,0.0,423.81195068359375,0.5164011120796204,0.6039910316467285,-0.24932953715324402,0.12024839222431183,-0.4447331726551056,-0.01160816103219986,0.480803906917572,0.6758995652198792,0.23241150379180908,0.8373590707778931,-0.883082926273346,-1.0301358699798584,0.505227267742157,-0.9491822123527527,1.2249587774276733
14,3.7499048630706966e-05,0.0,279.09625244140625,0.0,0.0,0.0,0.0,0.0,0.0,6.367275636876002e-05,0.0,473.9007568359375,0.45903638005256653,0.5058059692382812,-0.15222391486167908,0.10608889907598495,-0.4585409462451935,-0.0038593292701989412,0.45607876777648926,0.7194697260856628,0.2082143872976303,0.8704878687858582,-0.8836405873298645,-1.044797420501709,0.6021919250488281,-1.0116488933563232,1.2684147357940674
15,2.0543322534649633e-05,0.0,152.89892578125,0.0,0.0,0.0,0.0,0.0,0.0,6.962330371607095e-05,0.0,518.189208984375,0.46055757999420166,0.49475350975990295,-0.0632641389966011,0.08457421511411667,-0.4496306777000427,0.018773553892970085,0.423873633146286,0.7527361512184143,0.09837073087692261,0.9090797305107117,-0.877519965171814,-1.0542118549346924,0.7325343489646912,-1.1148570775985718,1.2922766208648682
16,1.5230686585709918e-05,0.0,113.35826873779297,0.0,0.0,0.0,0.0,0.0,0.0,6.44609026494436e-05,0.0,479.7667541503906,0.5065832734107971,0.506527304649353,-0.02260173112154007,0.062138937413692474,-0.4345952570438385,0.06966741383075714,0.3867846131324768,0.7828403115272522,-0.04375370591878891,0.9403639435768127,-0.8649306893348694,-1.0618772506713867,0.867124080657959,-1.2406522035598755,1.3007404804229736
17,2.055693039437756e-05,0.0,153.00021362304688,0.0,0.0,0.0,0.0,0.0,0.0,5.713896098313853e-05,0.0,425.2713317871094,0.5548603534698486,0.526028037071228,-0.005110164638608694,0.04375099763274193,-0.4125276803970337,0.13905033469200134,0.34924349188804626,0.8144249320030212,-0.19185861945152283,0.9520285725593567,-0.8461783528327942,-1.0721690654754639,1.013627529144287,-1.3757132291793823,1.2961535453796387
18,2.727364881138783e-05,0.0,202.99110412597656,0.0,0.0,0.0,0.0,0.0,0.0,4.959230136591941e-05,0.0,369.1033630371094,0.5969849228858948,0.5366604924201965,0.007044753525406122,0.02858763560652733,-0.3810795843601227,0.19988438487052917,0.3125971257686615,0.8476425409317017,-0.3377625644207001,0.9365329742431641,-0.8226144909858704,-1.0841259956359863,1.1501435041427612,-1.4870883226394653,1.2824581861495972
19,3.075147469644435e-05,0.0,228.87570190429688,0.0,0.0,0.0,0.0,0.0,0.0,4.3469462980283424e-05,0.0,323.5325927734375,0.6355876922607422,0.5392397046089172,0.017072713002562523,0.01745462976396084,-0.336714506149292,0.2441929429769516,0.2796483635902405,0.8819770216941833,-0.4779086709022522,0.8980448842048645,-0.7941408753395081,-1.0946251153945923,1.2650741338729858,-1.5357890129089355,1.2628265619277954
20,3.1776278774486855e-05,0.0,236.50308227539062,0.0,0.0,0.0,0.0,0.0,0.0,3.906363053829409e-05,0.0,290.74102783203125,0.6707675457000732,0.5445791482925415,0.014797604642808437,0.00805758312344551,-0.28345975279808044,0.27702558040618896,0.24868151545524597,0.9166122674942017,-0.6129555702209473,0.8480537533760071,-0.7621549963951111,-1.10140061378479,1.3386218547821045,-1.5304620265960693,1.2405592203140259
21,3.2130734325619414e-05,0.0,239.14120483398438,0.0,0.0,0.0,0.0,0.0,0.0,3.7349142075981945e-05,0.0,277.98052978515625,0.7071534395217896,0.5602681040763855,0.005280741024762392,-0.003116091713309288,-0.23250238597393036,0.3003217577934265,0.21627025306224823,0.9509022235870361,-0.7448366284370422,0.7946224212646484,-0.728179931640625,-1.1038968563079834,1.3791980743408203,-1.4930256605148315,1.217611312866211
22,3.3017309760907665e-05,0.0,245.73974609375,0.0,0.0,0.0,0.0,0.0,0.0,3.674361141747795e-05,0.0,273.4737243652344,0.75327467918396,0.5797263383865356,0.004514213651418686,-0.017902325838804245,-0.19224275648593903,0.313315212726593,0.1806383728981018,0.9842604398727417,-0.8662076592445374,0.7423127293586731,-0.6918948888778687,-1.1021473407745361,1.3944400548934937,-1.4362304210662842,1.1926873922348022
23,3.3460866688983515e-05,0.0,249.0410614013672,0.0,0.0,0.0,0.0,0.0,0.0,3.5494293115334585e-05,0.0,264.17535400390625,0.8062368035316467,0.5955700874328613,0.018444456160068512,-0.03682582825422287,-0.16443943977355957,0.31585443019866943,0.141390860080719,1.0154362916946411,-0.9629988074302673,0.6929566860198975,-0.6519449949264526,-1.0953158140182495,1.385398507118225,-1.3662744760513306,1.1627273559570312
24,3.2490992452949286e-05,0.0,241.822509765625,0.0,0.0,0.0,0.0,0.0,0.0,3.315292997285724e-05,0.0,246.7491455078125,0.8585993051528931,0.6078329086303711,0.03548520803451538,-0.05967332422733307,-0.14858904480934143,0.30927515029907227,0.09895037114620209,1.0434041023254395,-1.0260847806930542,0.6465598940849304,-0.6075000762939453,-1.0832082033157349,1.3528448343276978,-1.2883479595184326,1.125072956085205
25,2.9402090149233118e-05,0.0,218.8325653076172,0.0,0.0,0.0,2.0644638425437734e-05,0.0,153.6529998779297,2.9039862056379206e-05,0.0,216.1365966796875,0.9060302376747131,0.6190956234931946,0.04624512791633606,-0.08477367460727692,-0.1462455689907074,0.2976665198802948,0.055061470717191696,1.0685948133468628,-1.0573257207870483,0.6080421805381775,-0.5580657124519348,-1.0674781799316406,1.3025684356689453,-1.2304712533950806,1.0777665376663208
26,1.878817602118943e-05,0.0,139.83580017089844,0.0,0.0,0.0,4.913172233500518e-05,0.0,365.6754150390625,2.3314692953135818e-05,0.0,173.5255584716797,0.9179573059082031,0.6477152109146118,0.08754308521747589,-0.10446294397115707,-0.15426181256771088,0.28426048159599304,0.018201196566224098,1.0917022228240967,-1.0635005235671997,0.6078723073005676,-0.5013251304626465,-1.0468677282333374,1.2439566850662231,-1.2236908674240112,1.0193605422973633
27,0.0,0.0,0.0,0.0,0.0,0.0,2.977698932227213e-05,0.0,221.6228485107422,1.1402147720218636e-05,0.0,84.8634033203125,0.8983539938926697,0.6999605298042297,0.08243715763092041,-0.11892258375883102,-0.1801326870918274,0.27572986483573914,-0.010278664529323578,1.1048561334609985,-1.0453423261642456,0.6423550248146057,-0.438305139541626,-1.0634225606918335,1.1794569492340088,-1.226618766784668,0.9529967904090881
28,0.0,0.0,0.0,3.4582750231493264e-05,0.0,257.3909606933594,2.3352586140390486e-05,0.0,173.80758666992188,0.0,0.0,0.0,0.8737832903862,0.7015418410301208,0.052117474377155304,-0.12964144349098206,-0.21167077124118805,0.261239230632782,-0.04015015810728073,1.0915814638137817,-1.019585371017456,0.6749671101570129,-0.3807627558708191,-1.1297848224639893,1.1918913125991821,-1.2224431037902832,0.9032091498374939
29,0.0,0.0,0.0,5.117148975841701e-05,0.0,380.8569030761719,2.3979746401892044e-05,0.0,178.4753875732422,0.0,0.0,0.0,0.8441773653030396,0.6551111340522766,0.054545409977436066,-0.12138117849826813,-0.24611932039260864,0.2424021065235138,-0.05538176745176315,1.0615534782409668,-0.9949154853820801,0.7060292959213257,-0.3590767979621887,-1.2343682050704956,1.2125476598739624,-1.2227236032485962,0.9394335746765137
30,0.0,0.0,0.0,4.679463381762616e-05,0.0,348.2810363769531,2.388101529504638e-05,0.0,177.7405548095703,0.0,0.0,0.0,0.8195082545280457,0.6129017472267151,0.06912530958652496,-0.07888594269752502,-0.2722841203212738,0.23304350674152374,-0.036694541573524475,1.0178650617599487,-0.9683634638786316,0.7315090298652649,-0.37818410992622375,-1.3197813034057617,1.224199891090393,-1.222399353981018,1.0090782642364502
31,0.0,0.0,0.0,4.038852057419717e-05,0.0,300.6018981933594,2.4540759113733657e-05,0.0,182.65087890625,0.0,0.0,0.0,0.8070507049560547,0.6071351766586304,0.0690038874745369,-0.034745268523693085,-0.30004066228866577,0.22207807004451752,-0.00034083263017237186,0.96434485912323,-0.9377248287200928,0.7555103898048401,-0.43199753761291504,-1.3651121854782104,1.2265045642852783,-1.2237367630004883,1.107560157775879
32,0.0,0.0,0.0,3.774780998355709e-05,0.0,280.9477233886719,2.576983933977317e-05,0.0,191.79859924316406,0.0,0.0,0.0,0.8008549809455872,0.6062289476394653,0.049893222749233246,0.007586322724819183,-0.3300362825393677,0.20818866789340973,0.04868464544415474,0.9039485454559326,-0.9044946432113647,0.7794837355613708,-0.5079651474952698,-1.3767707347869873,1.2234872579574585,-1.2259058952331543,1.204402208328247
33,0.0,0.0,0.0,3.732931145350449e-05,0.0,277.83294677734375,2.7316598789184354e-05,0.0,203.31077575683594,0.0,0.0,0.0,0.798019289970398,0.6154391765594482,0.030132323503494263,0.04887630045413971,-0.3611605763435364,0.19256378710269928,0.10826440900564194,0.8377553820610046,-0.8696751594543457,0.8034029603004456,-0.5993886590003967,-1.3613207340240479,1.217470645904541,-1.2278926372528076,1.2917759418487549
34,0.0,0.0,0.0,3.6903235013596714e-05,0.0,274.6617431640625,2.88980172626907e-05,0.0,215.0808868408203,0.0,0.0,0.0,0.801176130771637,0.6348128914833069,0.015218369662761688,0.08493693172931671,-0.3943171203136444,0.174409419298172,0.17432941496372223,0.7668175101280212,-0.8326604962348938,0.8272475600242615,-0.7000809907913208,-1.3124747276306152,1.2077631950378418,-1.229451060295105,1.3563727140426636
35,0.0,0.0,0.0,3.6032692150911316e-05,0.0,268.1825256347656,3.025094702024944e-05,0.0,225.150390625,0.0,0.0,0.0,0.8116960525512695,0.6649231910705566,0.007133916020393372,0.11284813284873962,-0.4288169741630554,0.15434393286705017,0.24659086763858795,0.6943693161010742,-0.7931312322616577,0.8503197431564331,-0.8031810522079468,-1.2354995012283325,1.194032073020935,-1.2291715145111084,1.3932571411132812
36,0.0,0.0,0.0,3.499441299936734e-05,0.0,260.454833984375,3.056791683775373e-05,0.0,227.509521484375,0.0,0.0,0.0,0.8307711482048035,0.7046114206314087,0.005681537091732025,0.13115066289901733,-0.4634968340396881,0.13330088555812836,0.3231053650379181,0.6230760812759399,-0.7507559657096863,0.8717334270477295,-0.8991249799728394,-1.1419813632965088,1.1759787797927856,-1.2251873016357422,1.4000914096832275
37,0.0,0.0,0.0,3.320972609799355e-05,0.0,247.17185974121094,2.9461216399795376e-05,0.0,219.27264404296875,0.0,0.0,0.0,0.8588441610336304,0.7516407370567322,0.008251780644059181,0.14022375643253326,-0.4968768358230591,0.11252036690711975,0.3977598547935486,0.5549763441085815,-0.705254077911377,0.8905463814735413,-0.9756882190704346,-1.0396983623504639,1.1532902717590332,-1.215681791305542,1.3728536367416382
38,0.0,0.0,0.0,2.7947075068368576e-05,0.0,208.00326538085938,2.6067047656397335e-05,0.0,194.0106658935547,0.0,0.0,0.0,0.892435610294342,0.8035732507705688,0.00042276084423065186,0.13976848125457764,-0.5285900235176086,0.09239265322685242,0.46019986271858215,0.49217063188552856,-0.656676709651947,0.9065786600112915,-1.0219826698303223,-0.933621346950531,1.1261590719223022,-1.2001389265060425,1.3094933032989502
39,3.661106529762037e-05,0.0,272.4872131347656,1.695624814601615e-05,0.0,126.20121002197266,1.822915146476589e-05,0.0,135.67510986328125,0.0,0.0,0.0,0.9243382215499878,0.824339747428894,-0.00921381264925003,0.13697120547294617,-0.5622180104255676,0.07091780751943588,0.49704858660697937,0.46951958537101746,-0.6050313711166382,0.921143114566803,-1.0313783884048462,-0.890061616897583,1.097154140472412,-1.1787164211273193,1.2175806760787964
40,2.1003828805987723e-05,0.0,156.3263702392578,0.0,0.0,0.0,0.0,0.0,0.0,6.289267912507057e-05,0.0,468.0948181152344,0.8878998756408691,0.7800735235214233,0.008628562092781067,0.11440665274858475,-0.6035386323928833,0.041407451033592224,0.47985005378723145,0.5194427967071533,-0.5473039746284485,0.9342437386512756,-1.0115501880645752,-0.9032727479934692,1.0723247528076172,-1.151421070098877,1.1951647996902466
41,2.0641637092921883e-05,0.0,153.6306610107422,0.0,0.0,0.0,0.0,0.0,0.0,5.374489046516828e-05,0.0,400.01007080078125,0.8512327075004578,0.6824802756309509,0.013856773264706135,0.10383953154087067,-0.5936806201934814,0.0518200546503067,0.4573858678340912,0.5758689045906067,-0.519995927810669,0.9501569271087646,-0.9893845915794373,-0.9174769520759583,1.1304652690887451,-1.2143794298171997,1.227109432220459
42,1.7016915080603212e-05,0.0,126.65274047851562,0.0,0.0,0.0,0.0,0.0,0.0,5.75817575736437e-05,0.0,428.5669250488281,0.8323326706886292,0.6763412952423096,0.01975402794778347,0.09186997264623642,-0.5646998882293701,0.07008250802755356,0.43430715799331665,0.6282690763473511,-0.5369160175323486,0.958433210849762,-0.9627853631973267,-0.9346693754196167,1.2227710485458374,-1.3019744157791138,1.2460969686508179
43,2.1701260266127065e-05,0.0,161.51718139648438,0.0,0.0,0.0,0.0,0.0,0.0,5.521110870176926e-05,0.0,410.9227600097656,0.8267969489097595,0.6679129600524902,0.033392176032066345,0.07589847594499588,-0.5288346409797668,0.09878875315189362,0.40644899010658264,0.6771029829978943,-0.591606080532074,0.954113781452179,-0.9334929585456848,-0.9552523493766785,1.3208330869674683,-1.4069839715957642,1.25249183177948
44,2.875996142392978e-05,0.0,214.05337524414062,0.0,0.0,0.0,0.0,0.0,0.0,4.905780224362388e-05,0.0,365.1252136230469,0.8243493437767029,0.651523232460022,0.05834056809544563,0.06124354153871536,-0.4798373878002167,0.13528160750865936,0.37825602293014526,0.7235267758369446,-0.667516827583313,0.9290454983711243,-0.8997225165367126,-0.9770510792732239,1.389106273651123,-1.4821786880493164,1.2457695007324219
45,3.1856485293246806e-05,0.0,237.10003662109375,0.0,0.0,0.0,0.0,0.0,0.0,4.216640809318051e-05,0.0,313.83428955078125,0.824951171875,0.6288356781005859,0.07029765844345093,0.04892739653587341,-0.41759252548217773,0.1745133250951767,0.35139960050582886,0.7674291729927063,-0.7537078261375427,0.8876685500144958,-0.8623500466346741,-0.99586421251297,1.423556923866272,-1.5146300792694092,1.2304514646530151
46,3.222223313059658e-05,0.0,239.8222198486328,0.0,0.0,0.0,0.0,0.0,0.0,3.817644756054506e-05,0.0,284.137939453125,0.8313542604446411,0.6148108839988708,0.06688031554222107,0.03673263639211655,-0.3479415774345398,0.2127363085746765,0.324494332075119,0.8088486194610596,-0.8419654369354248,0.8377562165260315,-0.8232532143592834,-1.0095149278640747,1.4336860179901123,-1.5071659088134766,1.2116812467575073
47,3.239254510845058e-05,0.0,241.0897674560547,0.0,0.0,0.0,0.0,0.0,0.0,3.705003109644167e-05,0.0,275.7543029785156,0.8476763367652893,0.6112935543060303,0.06264221668243408,0.02181410789489746,-0.2797281742095947,0.24486219882965088,0.29496219754219055,0.8476392030715942,-0.922683835029602,0.7832983136177063,-0.7833135724067688,-1.0174342393875122,1.4253137111663818,-1.4630398750305176,1.1914465427398682
48,3.329622995806858e-05,0.0,247.815673828125,0.0,0.0,0.0,0.0,0.0,0.0,3.621327050495893e-05,0.0,269.5265197753906,0.8727275729179382,0.6132718324661255,0.06695874035358429,0.0029692717362195253,-0.2215690165758133,0.268187016248703,0.26149725914001465,0.8834070563316345,-0.9869623780250549,0.7273082137107849,-0.7419115900993347,-1.0199167728424072,1.3970025777816772,-1.392944574356079,1.16804838180542
49,3.314289642730728e-05,0.0,246.67446899414062,0.0,0.0,0.0,0.0,0.0,0.0,3.462938548182137e-05,0.0,257.738037109375,0.902560830116272,0.6147797703742981,0.07550486922264099,-0.01992174983024597,-0.18074512481689453,0.2825048565864563,0.2240440994501114,0.9156438708305359,-1.0312249660491943,0.672112226486206,-0.6981631517410278,-1.017302393913269,1.3526060581207275,-1.3108025789260864,1.1391862630844116
50,3.075628410442732e-05,0.0,228.91151428222656,0.0,0.0,0.0,0.0,0.0,0.0,3.252944225096144e-05,0.0,242.10867309570312,0.9346816539764404,0.6154325604438782,0.0776396095752716,-0.04555938392877579,-0.1594003587961197,0.2898159325122833,0.18414346873760223,0.9447966814041138,-1.0566836595535278,0.6185204982757568,-0.6514432430267334,-1.0111273527145386,1.2986340522766113,-1.225462794303894,1.1031286716461182
51,2.5974031814257614e-05,0.0,193.31837463378906,0.0,0.0,0.0,1.5757032088004053e-05,0.0,117.27572631835938,2.9614580853376538e-05,0.0,220.4140625,0.9656959176063538,0.6238387227058411,0.07556168735027313,-0.07234912365674973,-0.1563369780778885,0.2895091772079468,0.14368128776550293,0.9721659421920776,-1.0649737119674683,0.5749568939208984,-0.6014162302017212,-1.0037450790405273,1.2404227256774902,-1.1821064949035645,1.05878746509552
52,1.3812419638270512e-05,0.0,102.80245208740234,0.0,0.0,0.0,5.201648673391901e-05,0.0,387.14599609375,2.347572080907412e-05,0.0,174.72406005859375,0.9616736769676208,0.6514679193496704,0.12219861149787903,-0.091432124376297,-0.1626436561346054,0.2758481204509735,0.11176139116287231,0.99853515625,-1.0564152002334595,0.5763453841209412,-0.5441246032714844,-0.9923501014709473,1.1822435855865479,-1.179671287536621,1.0035715103149414
53,0.0,0.0,0.0,0.0,0.0,0.0,3.15219622279983e-05,0.0,234.6102752685547,9.427578333998099e-06,0.0,70.16716003417969,0.930283784866333,0.7051349878311157,0.11567244678735733,-0.10675981640815735,-0.18698422610759735,0.26636889576911926,0.0878201350569725,1.0184284448623657,-1.0274029970169067,0.6101778745651245,-0.4810423254966736,-1.021823763847351,1.120149850845337,-1.1806374788284302,0.9427415132522583
54,0.0,0.0,0.0,4.9230362492380664e-05,0.0,366.4095458984375,2.1630838091368787e-05,0.0,160.9930419921875,0.0,0.0,0.0,0.9064701795578003,0.7098647952079773,0.0036776065826416016,-0.1217619776725769,-0.2168111801147461,0.2532971203327179,0.06066521629691124,1.0200979709625244,-0.9612811803817749,0.6434991955757141,-0.42578861117362976,-1.096622347831726,1.0544745922088623,-1.1721264123916626,0.9134670495986938
55,0.0,0.0,0.0,6.216480687726289e-05,0.0,462.677490234375,2.3777516616974026e-05,0.0,176.97024536132812,0.0,0.0,0.0,0.8637182712554932,0.6836933493614197,-0.0033739563077688217,-0.11990989744663239,-0.24642232060432434,0.2367643117904663,0.039525460451841354,1.0051966905593872,-0.9502334594726562,0.6762265563011169,-0.4029459059238434,-1.2024344205856323,1.100290298461914,-1.1649856567382812,0.9571987390518188
56,0.0,0.0,0.0,5.175805199542083e-05,0.0,385.2225646972656,2.4185834263334982e-05,0.0,180.00926208496094,0.0,0.0,0.0,0.8339765667915344,0.6324812769889832,0.032408248633146286,-0.08645733445882797,-0.2724984884262085,0.2235991209745407,0.046629324555397034,0.9655504822731018,-0.9299356937408447,0.7042769193649292,-0.42084312438964844,-1.2931418418884277,1.1244503259658813,-1.1610788106918335,1.0313252210617065
57,0.0,0.0,0.0,4.064093081979081e-05,0.0,302.4804992675781,2.499249421816785e-05,0.0,186.01303100585938,0.0,0.0,0.0,0.8194168210029602,0.623355507850647,0.03427097201347351,-0.04328862205147743,-0.2992008328437805,0.20941036939620972,0.07272394001483917,0.9094347357749939,-0.9040623903274536,0.7299149036407471,-0.47221511602401733,-1.3265565633773804,1.1351498365402222,-1.1596604585647583,1.121875286102295
58,0.0,0.0,0.0,3.7642552342731506e-05,0.0,280.164306640625,2.6392141080577858e-05,0.0,196.4302520751953,0.0,0.0,0.0,0.811378002166748,0.6243196129798889,0.015001708641648293,-0.0030622510239481926,-0.32856544852256775,0.19243526458740234,0.10798146575689316,0.8488088250160217,-0.8752636313438416,0.7552486062049866,-0.5444673299789429,-1.319642424583435,1.1398833990097046,-1.159623622894287,1.2079533338546753
59,0.0,0.0,0.0,3.781964551308192e-05,0.0,281.48236083984375,2.7770491215051152e-05,0.0,206.68898010253906,0.0,0.0,0.0,0.8054423928260803,0.6313917636871338,-0.0016730595380067825,0.03857920318841934,-0.3575698137283325,0.1756855547428131,0.15426760911941528,0.7830283045768738,-0.8451642394065857,0.779560387134552,-0.631125271320343,-1.2865338325500488,1.1414313316345215,-1.1591897010803223,1.2792905569076538
60,0.0,0.0,0.0,3.7692789192078635e-05,0.0,280.5382080078125,2.917813071690034e-05,0.0,217.16567993164062,0.0,0.0,0.0,0.8077565431594849,0.6510382890701294,-0.008146233856678009,0.07440979033708572,-0.3878048360347748,0.15720993280410767,0.2087467610836029,0.7125235199928284,-0.8125960826873779,0.8030205368995667,-0.7267909049987793,-1.2318259477615356,1.1380701065063477,-1.1583267450332642,1.330732822418213
61,0.0,0.0,0.0,3.650179860414937e-05,0.0,271.6739501953125,3.03870219795499e-05,0.0,226.16317749023438,0.0,0.0,0.0,0.8198518753051758,0.6797804832458496,-0.008347976952791214,0.10092183947563171,-0.4188989996910095,0.13703672587871552,0.2716456353664398,0.6409007906913757,-0.7769796848297119,0.8250901699066162,-0.8235490918159485,-1.1571272611618042,1.1292884349822998,-1.15543532371521,1.357434630393982
62,0.0,0.0,0.0,3.507067958707921e-05,0.0,261.0224914550781,3.057495632674545e-05,0.0,227.56190490722656,0.0,0.0,0.0,0.8413172364234924,0.7181991338729858,-0.002260372042655945,0.11774356663227081,-0.4495205879211426,0.11636093258857727,0.34084978699684143,0.571758508682251,-0.7381048798561096,0.844819188117981,-0.9109295010566711,-1.0686694383621216,1.1153278350830078,-1.1482402086257935,1.3552473783493042
63,0.0,0.0,0.0,3.229586218367331e-05,0.0,240.37020874023438,2.9033977625658736e-05,0.0,216.09280395507812,0.0,0.0,0.0,0.8706634640693665,0.7644813656806946,0.003174545243382454,0.1246594488620758,-0.478954941034317,0.09585079550743103,0.40841144323349,0.5072579979896545,-0.6957071423530579,0.8615432381629944,-0.9772484302520752,-0.971921443939209,1.0961530208587646,-1.1351940631866455,1.3189290761947632
64,0.0,0.0,0.0,2.553973718022462e-05,0.0,190.0860137939453,2.487403980921954e-05,0.0,185.13140869140625,0.0,0.0,0.0,0.9039134383201599,0.8156260848045349,-0.009385116398334503,0.12076004594564438,-0.5074538588523865,0.07542011886835098,0.4628313183784485,0.44911354780197144,-0.6501950025558472,0.8755059838294983,-1.0128799676895142,-0.8736879229545593,1.0728222131729126,-1.116174340248108,1.2483805418014526
65,5.7552802900318056e-05,0.0,428.3514404296875,1.3505791685020085e-05,0.0,100.52030181884766,1.4468196241068654e-05,0.0,107.68324279785156,0.0,0.0,0.0,0.9240729212760925,0.8234067559242249,0.009743701666593552,0.11148557811975479,-0.5428406000137329,0.04976923018693924,0.485806941986084,0.4529813826084137,-0.5998380780220032,0.8882970213890076,-1.0113595724105835,-0.8605097532272339,1.0480880737304688,-1.0895215272903442,1.1542327404022217
66,4.26444603363052e-05,0.0,317.3923034667969,0.0,0.0,0.0,0.0,0.0,0.0,3.687172647914849e-05,0.0,274.42724609375,0.868958592414856,0.7484896183013916,-0.007151843048632145,0.0815451592206955,-0.5793462991714478,0.02319463901221752,0.4637569487094879,0.5137122273445129,-0.5452488660812378,0.8999916315078735,-0.9890498518943787,-0.8810341358184814,1.037006139755249,-1.0755419731140137,1.132010579109192
67,1.9958073607995175e-05,0.0,148.54306030273438,0.0,0.0,0.0,0.0,0.0,0.0,5.6752764066914096e-05,0.0,422.3969421386719,0.8433713316917419,0.6718654036521912,0.004790455102920532,0.07369745522737503,-0.560030460357666,0.047807615250349045,0.44666096568107605,0.5703260898590088,-0.5237352252006531,0.9143437147140503,-0.9676665663719177,-0.8972691297531128,1.107715368270874,-1.1479309797286987,1.165604591369629
68,1.8055105101666413e-05,0.0,134.37973022460938,0.0,0.0,0.0,0.0,0.0,0.0,5.767931361333467e-05,0.0,429.2929992675781,0.82811039686203,0.6791346669197083,0.006671537645161152,0.0611828975379467,-0.5300388336181641,0.07379019260406494,0.4259953200817108,0.6220119595527649,-0.5423225164413452,0.9216781854629517,-0.9434208273887634,-0.9166660308837891,1.203753113746643,-1.2462222576141357,1.1865853071212769
69,2.2349018763634376e-05,0.0,166.33828735351562,0.0,0.0,0.0,0.0,0.0,0.0,5.405000410974026e-05,0.0,402.28094482421875,0.822493851184845,0.670005202293396,0.024234699085354805,0.043531183153390884,-0.4953864514827728,0.1048998236656189,0.3996868133544922,0.6697472929954529,-0.5928046107292175,0.9145500063896179,-0.9165177941322327,-0.9384271502494812,1.297070860862732,-1.3506531715393066,1.1954847574234009
70,2.9042144888080657e-05,0.0,216.15357971191406,0.0,0.0,0.0,0.0,0.0,0.0,4.761519448948093e-05,0.0,354.3882751464844,0.8198050260543823,0.6540957689285278,0.04419505223631859,0.02808561734855175,-0.447299599647522,0.14428478479385376,0.3741271495819092,0.7153522968292236,-0.6611967086791992,0.8882681131362915,-0.8847957849502563,-0.9611751437187195,1.3538702726364136,-1.4241222143173218,1.1917009353637695
71,3.187175025232136e-05,0.0,237.21363830566406,0.0,0.0,0.0,0.0,0.0,0.0,4.1632865759311244e-05,0.0,309.86322021484375,0.8189595341682434,0.6349004507064819,0.05257026106119156,0.013850333169102669,-0.3893437385559082,0.18414060771465302,0.3490537106990814,0.7582957744598389,-0.7392990589141846,0.8480852842330933,-0.8499765992164612,-0.9803755879402161,1.3814986944198608,-1.4551278352737427,1.1808356046676636
72,3.200333230779506e-05,0.0,238.1929931640625,0.0,0.0,0.0,0.0,0.0,0.0,3.861406003125012e-05,0.0,287.3949890136719,0.8252971172332764,0.6224542856216431,0.04846079647541046,-0.0007372530526481569,-0.3256494700908661,0.2231103926897049,0.323490709066391,0.7987166047096252,-0.8190467953681946,0.8012629747390747,-0.813521683216095,-0.9943327307701111,1.387926459312439,-1.449918270111084,1.1671028137207031
73,3.26767039950937e-05,0.0,243.2047119140625,0.0,0.0,0.0,0.0,0.0,0.0,3.782256681006402e-05,0.0,281.5041198730469,0.8404117226600647,0.6201707124710083,0.045631565153598785,-0.01771341823041439,-0.26375269889831543,0.2560363709926605,0.2955545485019684,0.8366188406944275,-0.8919684290885925,0.7501823902130127,-0.7759296894073486,-1.0030025243759155,1.3784263134002686,-1.4115794897079468,1.15154230594635
74,3.3716100006131455e-05,0.0,250.940673828125,0.0,0.0,0.0,0.0,0.0,0.0,3.698227010318078e-05,0.0,275.25,0.8637243509292603,0.622713029384613,0.05033659189939499,-0.03801848366856575,-0.21125338971614838,0.27982810139656067,0.26422861218452454,0.87166428565979,-0.9508315920829773,0.6973011493682861,-0.7365338206291199,-1.006679892539978,1.3522584438323975,-1.3488787412643433,1.1324397325515747
75,3.37500823661685e-05,0.0,251.19358825683594,0.0,0.0,0.0,0.0,0.0,0.0,3.5359407775104046e-05,0.0,263.17144775390625,0.8918279409408569,0.6257991790771484,0.05814972147345543,-0.061544179916381836,-0.17424504458904266,0.29454028606414795,0.2296665459871292,0.9035660028457642,-0.9927588701248169,0.6449560523033142,-0.6944811344146729,-1.0058209896087646,1.3125052452087402,-1.2738686800003052,1.1076774597167969
76,3.1833282264415175e-05,0.0,236.9273223876953,0.0,0.0,0.0,0.0,0.0,0.0,3.329086393932812e-05,0.0,247.77577209472656,0.9225375652313232,0.6291778087615967,0.06028306111693382,-0.087394118309021,-0.15502792596817017,0.30157583951950073,0.1929640769958496,0.9327253699302673,-1.0184047222137451,0.594018280506134,-0.649279773235321,-1.0017399787902832,1.2645498514175415,-1.1951630115509033,1.0757813453674316
77,2.7847614546772093e-05,0.0,207.26296997070312,0.0,0.0,0.0,7.5371062848716974e-06,0.0,56.096839904785156,3.082594048464671e-05,0.0,229.429931640625,0.9558426141738892,0.6368396282196045,0.050231464207172394,-0.11478908360004425,-0.15316714346408844,0.3017057478427887,0.15509337186813354,0.9602023363113403,-1.0284761190414429,0.5443453192710876,-0.6009581685066223,-0.9965578317642212,1.211893916130066,-1.1148945093154907,1.035996437072754
78,1.8614946384332143e-05,0.0,138.54649353027344,0.0,0.0,0.0,4.246046592015773e-05,0.0,316.02288818359375,2.6157180400332436e-05,0.0,194.6815185546875,0.9692741632461548,0.6609207987785339,0.0695229321718216,-0.13929103314876556,-0.1628642976284027,0.2888698875904083,0.12102226167917252,0.9873848557472229,-1.0220874547958374,0.5257425308227539,-0.5474494099617004,-0.9902991652488708,1.1564089059829712,-1.1159220933914185,0.9867292642593384
79,0.0,0.0,0.0,0.0,0.0,0.0,2.36517189478036e-05,0.0,176.03396606445312,1.5352437912952155e-05,0.0,114.26444244384766,0.9438842535018921,0.7011213898658752,0.0935385599732399,-0.1531769186258316,-0.17973165214061737,0.2781432271003723,0.0986407995223999,1.0087900161743164,-0.9968821406364441,0.560967743396759,-0.48570516705513,-0.9929042458534241,1.0957276821136475,-1.123300313949585,0.9282844662666321
80,0.0,0.0,0.0,0.0,0.0,0.0,2.3059155864757486e-05,0.0,171.62367248535156,0.0,0.0,0.0,0.9237938523292542,0.7428128719329834,0.01833893172442913,-0.17053116858005524,-0.21639007329940796,0.2629880905151367,0.0723305195569992,1.0114625692367554,-0.9409541487693787,0.5954937934875488,-0.42658621072769165,-1.0622910261154175,1.0244605541229248,-1.120877981185913,0.8804958462715149
81,0.0,0.0,0.0,6.233495514607057e-05,0.0,463.9438171386719,2.4093245883705094e-05,0.0,179.32012939453125,0.0,0.0,0.0,0.8775038719177246,0.7050927877426147,-0.011412886902689934,-0.16980449855327606,-0.24405010044574738,0.24334211647510529,0.04730452969670296,0.9936816692352295,-0.9265917539596558,0.6305052042007446,-0.3917441666126251,-1.1528387069702148,1.064159870147705,-1.1165598630905151,0.9044119119644165
82,0.0,0.0,0.0,5.1904400606872514e-05,0.0,386.3117980957031,2.5461671611992642e-05,0.0,189.50498962402344,0.0,0.0,0.0,0.8476807475090027,0.6522736549377441,0.024242715910077095,-0.13559149205684662,-0.2725345194339752,0.224035382270813,0.0440676249563694,0.9506376385688782,-0.9057888984680176,0.6619624495506287,-0.3967696726322174,-1.2613704204559326,1.0857261419296265,-1.1174198389053345,0.9668917059898376
83,0.0,0.0,0.0,4.057965270476416e-05,0.0,302.0244445800781,2.688931635930203e-05,0.0,200.13059997558594,0.0,0.0,0.0,0.8277378678321838,0.6329760551452637,0.02284100651741028,-0.0813947394490242,-0.29841455817222595,0.2072504609823227,0.06301736831665039,0.8897438049316406,-0.8808708190917969,0.6897706985473633,-0.4380665123462677,-1.3058183193206787,1.0956090688705444,-1.1190977096557617,1.0527788400650024
84,0.0,0.0,0.0,3.883556564687751e-05,0.0,289.0436096191406,2.8757074687746353e-05,0.0,214.0318603515625,0.0,0.0,0.0,0.8192775249481201,0.6361057758331299,0.009416664950549603,-0.03297881782054901,-0.32593783736228943,0.18905238807201385,0.09233083575963974,0.8296974897384644,-0.8534415364265442,0.7164497971534729,-0.5028912425041199,-1.2996407747268677,1.1008132696151733,-1.1204040050506592,1.1412793397903442
85,0.0,0.0,0.0,3.952764018322341e-05,0.0,294.1945495605469,2.9727298169746064e-05,0.0,221.25302124023438,0.0,0.0,0.0,0.8097601532936096,0.6395381093025208,-0.005220573395490646,0.015052208676934242,-0.3527428209781647,0.17163008451461792,0.1341281533241272,0.7675619125366211,-0.8247872591018677,0.7415643334388733,-0.5846815705299377,-1.262017011642456,1.1030762195587158,-1.12047278881073,1.216164469718933
86,0.0,0.0,0.0,4.038567567477003e-05,0.0,300.5807189941406,3.073340485570952e-05,0.0,228.7412109375,0.0,0.0,0.0,0.8083136081695557,0.6561305522918701,-0.010533947497606277,0.05751721188426018,-0.38022688031196594,0.15313231945037842,0.18593041598796844,0.7006195187568665,-0.7939518690109253,0.7654294371604919,-0.6787700057029724,-1.2096941471099854,1.1006107330322266,-1.1198731660842896,1.274503469467163
87,0.0,0.0,0.0,3.952344923163764e-05,0.0,294.1633605957031,3.213891250197776e-05,0.0,239.20204162597656,0.0,0.0,0.0,0.8172466158866882,0.6807515025138855,-0.012501921504735947,0.09009088575839996,-0.40881428122520447,0.1327429711818695,0.24702005088329315,0.6310884356498718,-0.7602172493934631,0.7879543304443359,-0.7774194478988647,-1.1401386260986328,1.092797875404358,-1.117561936378479,1.3106799125671387
88,0.0,0.0,0.0,3.84953964385204e-05,0.0,286.5118103027344,3.281210956629366e-05,0.0,244.21250915527344,0.0,0.0,0.0,0.8365342020988464,0.7157782316207886,-0.007014283910393715,0.11227914690971375,-0.4370686709880829,0.11181949824094772,0.3165024220943451,0.5634037256240845,-0.7234598994255066,0.8081930875778198,-0.8703151941299438,-1.056589961051941,1.0803085565567017,-1.1110161542892456,1.3200950622558594
89,0.0,0.0,0.0,3.6151879612589255e-05,0.0,269.0696105957031,3.1603740353602916e-05,0.0,235.21890258789062,0.0,0.0,0.0,0.8647128343582153,0.7597339749336243,0.00017896853387355804,0.12359774857759476,-0.46437400579452515,0.09095204621553421,0.38708388805389404,0.5002367496490479,-0.6832265257835388,0.8253982663154602,-0.9452688097953796,-0.963042676448822,1.0630191564559937,-1.0983850955963135,1.2962636947631836
90,0.0,0.0,0.0,3.0351608074852265e-05,0.0,225.89959716796875,2.8013007977278903e-05,0.0,208.4939727783203,0.0,0.0,0.0,0.8980464935302734,0.8098888993263245,-0.004620753228664398,0.12345089763402939,-0.4907274544239044,0.0702676922082901,0.44718611240386963,0.44335195422172546,-0.6396035552024841,0.839478075504303,-0.9912793040275574,-0.8679089546203613,1.0414767265319824,-1.079088568687439,1.2367528676986694
91,3.8619018596364185e-05,0.0,287.4319152832031,1.7398833733750507e-05,0.0,129.49526977539062,1.9371402231627144e-05,0.0,144.17662048339844,0.0,0.0,0.0,0.9312798380851746,0.8297604918479919,-0.004300221800804138,0.11695116013288498,-0.5203189849853516,0.047288645058870316,0.48180800676345825,0.427898108959198,-0.5921391844749451,0.8516843914985657,-1.001434087753296,-0.8364550471305847,1.0182281732559204,-1.0527726411819458,1.1496833562850952
92,2.451114050927572e-05,0.0,182.430419921875,1.3251386121737596e-07,0.0,0.986268162727356,0.0,0.0,0.0,4.897165854345076e-05,0.0,364.48406982421875,0.8923344016075134,0.7949815392494202,-0.037710074335336685,0.08555394411087036,-0.561072051525116,0.016045093536376953,0.46839702129364014,0.484891414642334,-0.537494421005249,0.8624285459518433,-0.9721567034721375,-0.8565253019332886,1.0013892650604248,-1.0251269340515137,1.0723462104797363
93,2.063313513644971e-05,0.0,153.5673828125,0.0,0.0,0.0,0.0,0.0,0.0,5.649907325278036e-05,0.0,420.5087585449219,0.8544681668281555,0.6924370527267456,-0.04785722494125366,0.06811776757240295,-0.5538592338562012,0.027088193222880363,0.4469577670097351,0.5423570275306702,-0.5088587999343872,0.8783900141716003,-0.9632494449615479,-0.8725926876068115,1.060273289680481,-1.0921467542648315,1.1270897388458252
94,1.8192187781096436e-05,0.0,135.39999389648438,0.0,0.0,0.0,0.0,0.0,0.0,5.809841240989044e-05,0.0,432.41229248046875,0.8373538255691528,0.6810560822486877,-0.028479507192969322,0.05525936186313629,-0.5234389901161194,0.05773333087563515,0.4295162260532379,0.5967186689376831,-0.5201842188835144,0.8891777992248535,-0.9435299634933472,-0.893484354019165,1.1549880504608154,-1.185016393661499,1.159445881843567
95,2.173712164221797e-05,0.0,161.78407287597656,0.0,0.0,0.0,0.0,0.0,0.0,5.40090877620969e-05,0.0,401.9764404296875,0.8295682072639465,0.67792147397995,-0.009978855960071087,0.037041354924440384,-0.4908437728881836,0.09475956857204437,0.4059297740459442,0.6466448903083801,-0.5646997690200806,0.8878148198127747,-0.9199137091636658,-0.9169937372207642,1.250368595123291,-1.291711688041687,1.1772781610488892
96,2.8069965992472135e-05,0.0,208.91787719726562,0.0,0.0,0.0,0.0,0.0,0.0,4.741668817587197e-05,0.0,352.91082763671875,0.8261383771896362,0.6624720692634583,0.014937357977032661,0.019319744780659676,-0.4482143521308899,0.13736246526241302,0.3813137710094452,0.6938290596008301,-0.6285114288330078,0.8668453693389893,-0.8912791609764099,-0.9420517086982727,1.3150393962860107,-1.3719749450683594,1.18107271194458
97,3.1025523639982566e-05,0.0,230.91537475585938,0.0,0.0,0.0,0.0,0.0,0.0,4.12003428209573e-05,0.0,306.6440734863281,0.8247880339622498,0.6420494318008423,0.028390947729349136,0.003687267890200019,-0.39473646879196167,0.18129698932170868,0.35771307349205017,0.7384825944900513,-0.7026307582855225,0.8301487565040588,-0.858547568321228,-0.9648230671882629,1.347293734550476,-1.411198616027832,1.1754366159439087
98,3.1914329156279564e-05,0.0,237.53054809570312,0.0,0.0,0.0,0.0,0.0,0.0,3.793542418861762e-05,0.0,282.3440856933594,0.8291991353034973,0.6271882653236389,0.03005356155335903,-0.011710764840245247,-0.3351553976535797,0.22337186336517334,0.3339601159095764,0.780519425868988,-0.7801699042320251,0.7850098609924316,-0.823539674282074,-0.9827910661697388,1.3582777976989746,-1.4153355360031128,1.1654045581817627
99,3.193161319359206e-05,0.0,237.65919494628906,0.0,0.0,0.0,0.0,0.0,0.0,3.7070618418511e-05,0.0,275.90753173828125,0.8424322605133057,0.6214776039123535,0.029810765758156776,-0.029069481417536736,-0.2759874165058136,0.2592446506023407,0.30814293026924133,0.8198269009590149,-0.8530718684196472,0.7349202036857605,-0.7870580554008484,-0.9952202439308167,1.3539670705795288,-1.3865078687667847,1.1529653072357178
100,3.218594429199584e-05,0.0,239.5521240234375,0.0,0.0,0.0,0.0,0.0,0.0,3.656468106782995e-05,0.0,272.1419677734375,0.8640105128288269,0.622384786605835,0.03491801768541336,-0.04936852306127548,-0.22418467700481415,0.28574249148368835,0.2792816162109375,0.8563374280929565,-0.9143632650375366,0.6824122071266174,-0.7486453652381897,-1.0026788711547852,1.3339847326278687,-1.3312149047851562,1.136884093284607
101,3.222821396775544e-05,0.0,239.86671447753906,0.0,0.0,0.0,0.0,0.0,0.0,3.523692794260569e-05,0.0,262.25982666015625,0.8910947442054749,0.6252588033676147,0.043773774057626724,-0.0728076696395874,-0.18635359406471252,0.30206555128097534,0.24721093475818634,0.889832615852356,-0.9607772827148438,0.6298739910125732,-0.707552433013916,-1.0056759119033813,1.3010481595993042,-1.2601455450057983,1.115217924118042
102,3.1066978408489376e-05,0.0,231.2239227294922,0.0,0.0,0.0,0.0,0.0,0.0,3.320339601486921e-05,0.0,247.12474060058594,0.9211441278457642,0.6287034153938293,0.04880238696932793,-0.09881846606731415,-0.16555973887443542,0.3094245195388794,0.2126668393611908,0.9205281734466553,-0.9921323657035828,0.5786044597625732,-0.6633030772209167,-1.005177617073059,1.2590453624725342,-1.1833996772766113,1.0865689516067505
103,2.8609743822016753e-05,0.0,212.93533325195312,0.0,0.0,0.0,0.0,0.0,0.0,3.065593773499131e-05,0.0,228.16464233398438,0.9539493918418884,0.6346201300621033,0.043142158538103104,-0.1266499161720276,-0.161852166056633,0.3089240491390228,0.1765645295381546,0.9493108987808228,-1.0088518857955933,0.5283572673797607,-0.6158807277679443,-1.002968430519104,1.2113289833068848,-1.1030585765838623,1.0501924753189087
104,2.3645365217817016e-05,0.0,175.98667907714844,0.0,0.0,0.0,3.662083327071741e-05,0.0,272.5599060058594,2.6574778530630283e-05,0.0,197.78958129882812,0.9758380651473999,0.6532686352729797,0.05842670053243637,-0.15290497243404388,-0.17035715281963348,0.2978842258453369,0.14248299598693848,0.977175772190094,-1.0095525979995728,0.5002604126930237,-0.563971757888794,-0.9992619156837463,1.1590310335159302,-1.0887662172317505,1.0049711465835571
105,0.0,0.0,0.0,0.0,0.0,0.0,2.513301842554938e-05,0.0,187.0589141845703,1.8474998796591535e-05,0.0,137.5048828125,0.9578362107276917,0.6862798929214478,0.10334979742765427,-0.16760468482971191,-0.181850403547287,0.2843655049800873,0.12063644826412201,1.0017004013061523,-0.9917156100273132,0.5280661582946777,-0.5030061602592468,-0.9912645816802979,1.1018708944320679,-1.095839023590088,0.9494808316230774
106,0.0,0.0,0.0,0.0,0.0,0.0,2.339988532185089e-05,0.0,174.1596221923828,2.9233622171886964e-06,0.0,21.757871627807617,0.9378964900970459,0.7381747961044312,0.0529913529753685,-0.18530164659023285,-0.2139071524143219,0.26935940980911255,0.09751813113689423,1.00894033908844,-0.9467366933822632,0.5623918175697327,-0.4416061341762543,-1.0473705530166626,1.0363332033157349,-1.0937728881835938,0.8971275687217712
107,0.0,0.0,0.0,4.1143888665828854e-05,0.0,306.2239074707031,2.2673093553748913e-05,0.0,168.75030517578125,0.0,0.0,0.0,0.8986307978630066,0.7169641852378845,-0.004359769634902477,-0.19090335071086884,-0.2409001737833023,0.2474096566438675,0.06834439188241959,0.9930827021598816,-0.9192787408828735,0.5990595817565918,-0.39540648460388184,-1.1267924308776855,1.0561869144439697,-1.0910139083862305,0.8927251696586609
108,0.0,0.0,0.0,5.255970609141514e-05,0.0,391.18902587890625,2.521415262890514e-05,0.0,187.6627655029297,0.0,0.0,0.0,0.8691287636756897,0.6652441620826721,0.016497164964675903,-0.16627180576324463,-0.27159595489501953,0.22379228472709656,0.054416414350271225,0.9543942213058472,-0.8975282311439514,0.6333827376365662,-0.3871692717075348,-1.2346618175506592,1.077929139137268,-1.0933654308319092,0.945100724697113
109,0.0,0.0,0.0,4.292677840567194e-05,0.0,319.4935302734375,2.6117893867194653e-05,0.0,194.38909912109375,0.0,0.0,0.0,0.8433599472045898,0.6340174078941345,0.021636025980114937,-0.11304640769958496,-0.2967272400856018,0.20588350296020508,0.06616314500570297,0.8966984152793884,-0.8727344870567322,0.6628119349479675,-0.41677069664001465,-1.288193702697754,1.0889958143234253,-1.0952242612838745,1.0229177474975586
110,0.0,0.0,0.0,3.9450857002520934e-05,0.0,293.6230773925781,2.7592110200203024e-05,0.0,205.36134338378906,0.0,0.0,0.0,0.8301444053649902,0.6339987516403198,0.012758854776620865,-0.060608964413404465,-0.3226252794265747,0.1873849630355835,0.08998190611600876,0.8357416391372681,-0.8451666831970215,0.6903935670852661,-0.474550724029541,-1.2919102907180786,1.0936236381530762,-1.097098469734192,1.1109780073165894
111,0.0,0.0,0.0,3.902481330442242e-05,0.0,290.4521484375,2.8463813578127883e-05,0.0,211.84921264648438,0.0,0.0,0.0,0.8180679678916931,0.6359834671020508,-0.001583998091518879,-0.00869606714695692,-0.34829044342041016,0.1690952032804489,0.1251169741153717,0.7721750140190125,-0.8161806464195251,0.7163515686988831,-0.5520005226135254,-1.2620519399642944,1.0946450233459473,-1.0979844331741333,1.1881963014602661
112,0.0,0.0,0.0,3.977383312303573e-05,0.0,296.02691650390625,2.9216987968538888e-05,0.0,217.4549102783203,0.0,0.0,0.0,0.8134346008300781,0.6498997807502747,-0.00879066064953804,0.039260417222976685,-0.3740691542625427,0.15034230053424835,0.17060412466526031,0.7043821215629578,-0.7855329513549805,0.740780770778656,-0.6438993811607361,-1.213444471359253,1.0917437076568604,-1.0977191925048828,1.2505632638931274
113,0.0,0.0,0.0,3.9131864468799904e-05,0.0,291.2489013671875,3.0317243727040477e-05,0.0,225.64382934570312,0.0,0.0,0.0,0.8188896775245667,0.672203779220581,-0.01157848909497261,0.0777285024523735,-0.4007650911808014,0.1299750655889511,0.22591887414455414,0.6342698335647583,-0.7523787021636963,0.7637420892715454,-0.7431822419166565,-1.1455984115600586,1.084070086479187,-1.0956207513809204,1.291733741760254
114,0.0,0.0,0.0,3.8147165469126776e-05,0.0,283.9200134277344,3.101326001342386e-05,0.0,230.82411193847656,0.0,0.0,0.0,0.8348302841186523,0.7042909264564514,-0.007161231711506844,0.10510992258787155,-0.42726877331733704,0.10897497087717056,0.2914494276046753,0.565762460231781,-0.7164610624313354,0.7844514846801758,-0.8402484059333801,-1.0625543594360352,1.0719900131225586,-1.0894784927368164,1.3066672086715698
115,0.0,0.0,0.0,3.618940900196321e-05,0.0,269.3489074707031,3.038191789528355e-05,0.0,226.1251983642578,0.0,0.0,0.0,0.860679030418396,0.7456468939781189,0.001110987737774849,0.12079478055238724,-0.45287370681762695,0.08799363672733307,0.36175718903541565,0.5015985369682312,-0.6772882342338562,0.8021121025085449,-0.9227362275123596,-0.9693450331687927,1.0554157495498657,-1.0772533416748047,1.2893412113189697
